Category,Situation,Korean,Pronunciation,Nepali
Hall,Greeting,어서 오세요.,अस ओसेयो (Eoseo oseyo),Swagat chha.
Hall,Order,주문하시겠어요?,जुमुन हासिगेस्सयो? (Jumun hasigessoyo?),Order garnu hun chha?
Kitchen,Ingredients,양파 썰어주세요.,याङपा सर जुसेयो (Yangpa sseoreo juseyo),Pyaj katnuhos.
Kitchen,Safety,조심하세요 뜨거워요.,जोसिम हासेयो तुगवयो (Josimhaseyo tteugeowoyo),Hoshiyar hunuhos tato chha.
Daily,Greeting,안녕하세요.,अन्त्यङ हासेयो (Annyeong haseyo),Namaste.
Daily,Thanks,감사합니다.,काम्सा हाम्निदा (Gamsahamnida),Dhanyabaad.
